,Example,Evaluator,Baseline_Informativeness,Baseline_Fluency,Baseline_Factual_Accuracy,Baseline_Coherence,Baseline_Relevance,Final_Informativeness,Final_Fluency,Final_Factual_Accuracy,Final_Coherence,Final_Relevance
0,1,1,2.5,2.02,2.59,3.06,1.98,3.04,4.33,3.47,2.7,3.45
1,1,2,1.96,1.86,2.41,1.1,1.05,2.87,2.89,3.22,2.44,2.18
2,1,3,3.06,1.98,2.33,1.38,1.79,3.23,2.81,3.25,2.62,2.91
3,1,4,1.88,3.02,2.29,1.59,2.64,2.51,3.57,1.94,2.2,3.23
4,1,5,2.64,2.18,2.25,2.02,1.21,2.78,3.19,3.63,3.17,1.95
5,1,6,2.4,1.9,2.0,2.54,2.77,3.67,2.98,2.87,3.16,3.73
6,1,7,1.95,2.0,1.81,1.51,2.64,3.9,3.41,3.6,3.18,2.68
7,2,1,2.43,2.86,2.28,3.08,1.0,3.61,3.5,2.87,3.02,1.81
8,2,2,2.09,2.27,2.96,1.89,1.62,2.9,3.96,3.22,2.66,3.43
9,2,3,2.28,2.57,1.99,2.0,1.88,2.38,3.61,3.19,2.97,2.95
10,2,4,1.41,1.88,2.15,1.73,2.03,3.39,4.5,3.14,3.12,3.05
11,2,5,1.13,2.08,2.33,3.59,2.01,3.33,3.43,2.38,3.63,3.59
12,2,6,2.67,1.64,2.92,1.39,2.5,4.35,2.9,2.72,3.03,2.77
13,2,7,1.34,2.12,1.83,2.46,1.56,4.01,3.02,2.86,3.44,2.3
14,3,1,2.35,2.74,1.58,2.3,2.29,3.59,2.76,2.3,3.27,3.29
15,3,2,2.36,2.26,2.0,2.32,2.31,2.78,4.49,3.31,2.28,3.53
16,3,3,1.66,2.48,2.82,1.72,2.73,3.39,3.91,4.11,2.83,2.61
17,3,4,1.71,1.68,2.27,2.38,2.3,3.62,3.46,3.86,2.82,4.87
18,3,5,2.58,1.66,1.82,2.47,1.99,3.56,3.71,3.0,2.48,2.12
19,3,6,1.97,2.52,2.4,1.48,2.24,3.38,2.96,3.13,3.0,2.36
20,3,7,2.42,2.37,2.78,2.79,1.27,2.66,3.74,3.33,3.27,5.6
21,4,1,2.55,2.66,2.72,2.56,1.93,3.58,3.02,2.91,2.69,3.15
22,4,2,3.54,1.16,2.61,1.27,1.84,3.76,3.49,2.43,2.56,3.54
23,4,3,1.8,2.2,2.32,1.82,3.47,3.51,2.33,3.14,2.59,3.65
24,4,4,1.77,2.03,2.52,2.68,1.38,2.99,3.19,2.67,3.99,3.36
25,4,5,1.5,2.55,3.24,2.78,1.18,2.91,4.15,2.64,3.23,3.6
26,4,6,1.69,2.06,1.0,1.61,1.97,2.5,4.36,2.24,2.71,3.18
27,4,7,3.04,1.37,2.82,2.2,1.52,3.42,3.56,2.7,3.01,2.85
28,5,1,2.28,2.42,3.01,1.48,3.46,2.12,3.37,3.37,3.13,2.7
29,5,2,2.1,1.84,2.04,2.67,2.35,2.8,3.95,3.21,3.44,3.51
30,5,3,1.75,1.81,2.63,2.54,2.12,3.23,4.16,2.71,3.29,2.97
31,5,4,2.1,2.64,2.67,2.65,2.95,3.18,3.83,2.87,3.16,3.02
32,5,5,2.28,2.39,1.94,3.38,1.5,2.51,4.09,3.49,3.33,3.51
33,5,6,2.21,1.64,2.33,1.8,2.74,3.09,2.99,2.86,3.21,2.73
34,5,7,1.75,2.21,2.41,1.9,1.84,3.3,2.65,2.25,2.55,2.96
35,6,1,2.4,2.83,2.68,2.1,2.12,2.63,3.44,2.88,3.16,2.56
36,6,2,2.52,2.86,2.25,2.42,2.56,2.95,3.57,3.05,3.03,2.6
37,6,3,2.23,2.34,2.95,2.74,3.48,2.76,3.93,3.14,4.24,2.57
38,6,4,1.74,1.79,1.35,1.89,1.66,3.25,3.64,4.09,3.52,2.73
39,6,5,1.71,2.34,1.71,3.23,2.87,2.92,2.5,3.8,2.9,3.9
40,6,6,1.31,1.79,2.3,2.22,1.85,3.51,2.86,2.96,3.04,3.43
41,6,7,2.63,1.53,1.62,2.92,2.34,2.77,4.31,3.11,3.65,3.14
42,7,1,3.39,2.97,2.19,2.74,2.53,3.91,2.91,3.43,3.58,1.96
43,7,2,1.55,1.07,2.18,2.6,3.07,3.21,4.35,2.26,1.98,3.06
44,7,3,2.44,2.07,1.38,2.14,1.31,3.53,3.65,2.51,2.67,2.41
45,7,4,2.18,2.57,1.86,2.48,1.8,2.74,3.39,2.46,2.65,2.32
46,7,5,3.34,2.11,1.99,2.31,2.06,3.05,3.79,3.47,2.66,2.73
47,7,6,2.06,1.0,1.63,2.97,3.16,3.04,3.77,3.22,4.76,3.83
48,7,7,2.15,1.61,1.59,2.31,1.66,2.4,3.09,2.43,3.95,3.67
49,8,1,2.22,2.83,2.33,1.7,3.08,3.46,2.87,2.93,2.46,2.2
50,8,2,2.75,3.04,1.68,2.51,1.72,2.91,3.12,2.55,3.0,2.56
51,8,3,2.37,2.06,2.19,1.67,1.77,3.58,3.73,2.49,3.03,3.59
52,8,4,1.27,2.36,2.01,2.52,1.65,2.2,2.55,3.07,3.12,2.51
53,8,5,2.58,1.26,2.27,1.5,1.72,3.2,2.97,2.82,3.55,2.73
54,8,6,2.7,1.53,2.54,3.01,1.0,2.74,3.77,2.93,3.19,2.71
55,8,7,2.27,2.01,2.82,2.34,2.34,2.95,3.18,2.8,3.2,2.83
56,9,1,2.39,3.13,2.69,2.0,2.88,2.95,2.32,2.47,1.88,2.87
57,9,2,2.23,2.93,2.45,2.07,2.65,1.98,3.58,3.47,2.11,3.84
58,9,3,2.41,1.88,2.58,3.48,2.24,3.3,3.2,2.56,3.45,2.54
59,9,4,2.26,1.85,2.51,2.38,2.78,2.89,3.3,2.49,2.71,3.35
60,9,5,2.65,1.63,2.69,2.96,2.39,4.18,3.02,2.34,1.94,4.07
61,9,6,2.59,2.06,2.42,1.55,3.66,3.24,3.51,3.45,3.25,3.25
62,9,7,1.77,2.33,3.14,2.96,3.13,2.89,2.9,2.97,3.0,3.81
63,10,1,1.26,2.85,2.23,1.95,1.5,2.28,3.91,3.08,2.22,2.26
64,10,2,2.03,2.92,2.18,1.33,1.98,3.02,1.95,3.01,2.84,3.55
65,10,3,3.27,2.65,2.18,1.56,3.74,3.2,3.46,3.03,3.08,3.01
66,10,4,1.89,1.82,2.29,1.88,1.68,3.23,3.31,3.89,1.43,3.81
67,10,5,2.93,1.05,2.15,1.98,1.25,2.75,2.83,4.03,3.51,3.93
68,10,6,2.63,1.53,2.07,2.47,1.37,3.56,3.32,2.83,3.38,3.39
69,10,7,2.01,2.67,1.82,2.54,2.5,3.0,3.63,2.34,3.51,2.98
70,11,1,1.92,2.61,1.99,1.39,1.16,3.5,2.74,4.03,1.76,4.2
71,11,2,2.34,2.04,2.06,2.42,2.11,3.77,3.51,3.12,2.76,3.06
72,11,3,2.4,1.23,1.7,2.61,2.24,3.07,3.46,3.24,2.66,2.59
73,11,4,2.33,1.6,2.48,1.22,2.77,3.43,3.59,3.59,3.94,3.76
74,11,5,1.17,1.45,2.02,2.2,2.45,2.78,3.55,2.62,2.62,2.19
75,11,6,1.69,1.41,1.87,2.79,1.54,4.59,3.72,3.14,2.47,3.56
76,11,7,1.89,2.15,3.44,2.14,2.85,2.79,3.43,4.04,2.61,4.28
77,12,1,2.62,1.81,2.58,2.74,2.52,2.32,3.05,2.9,2.93,3.5
78,12,2,2.32,1.42,2.47,2.54,2.48,3.75,3.91,3.3,2.93,2.02
79,12,3,2.46,2.19,2.42,1.46,1.45,3.74,3.43,3.42,2.99,3.12
80,12,4,2.75,1.83,2.34,1.93,1.86,3.0,3.57,2.77,3.7,2.52
81,12,5,2.11,1.87,2.94,2.3,2.77,2.37,3.6,3.54,3.02,3.79
82,12,6,1.93,2.79,3.32,1.98,1.85,3.95,4.33,2.75,2.73,2.92
83,12,7,1.45,1.63,1.85,1.75,2.11,3.3,4.31,2.48,3.54,2.96
84,13,1,2.19,2.43,1.8,2.41,2.23,3.44,3.61,4.42,2.6,2.75
85,13,2,1.86,1.81,2.02,2.87,3.02,2.86,2.99,3.31,2.65,3.51
86,13,3,2.34,1.33,2.99,3.21,1.75,2.96,3.61,3.23,3.35,4.41
87,13,4,2.12,1.69,1.69,1.77,2.11,4.14,3.16,3.17,2.96,3.87
88,13,5,3.66,1.82,2.08,2.79,2.56,4.17,3.77,2.84,3.31,3.82
89,13,6,2.69,2.34,2.77,2.86,2.99,3.52,3.36,3.12,3.67,2.57
90,13,7,2.43,1.89,2.31,2.92,2.25,3.2,2.7,3.46,3.34,4.51
91,14,1,2.04,2.2,2.41,3.09,2.07,3.32,3.79,3.14,2.71,3.23
92,14,2,2.83,1.58,2.36,1.79,2.88,2.35,3.14,3.25,3.88,3.06
93,14,3,1.9,3.03,1.66,1.0,2.41,2.9,2.88,3.44,3.11,2.73
94,14,4,1.49,2.53,2.59,2.13,3.28,2.59,2.6,2.65,2.94,3.26
95,14,5,2.08,2.27,1.74,3.01,2.08,3.77,3.64,3.3,3.3,3.39
96,14,6,2.59,2.75,2.39,2.59,2.07,3.95,3.07,4.05,2.95,2.17
97,14,7,2.29,1.75,2.67,1.82,1.85,2.15,3.2,1.68,2.05,3.59
98,15,1,2.67,2.3,1.87,2.16,2.13,2.54,4.28,3.53,2.84,3.12
99,15,2,2.34,1.07,2.19,1.8,1.5,3.02,4.45,3.4,2.64,3.47
100,15,3,3.02,2.55,2.33,1.82,2.57,3.38,3.95,3.4,3.58,2.75
101,15,4,2.97,2.19,3.22,1.8,3.21,3.28,3.09,2.77,2.78,3.38
102,15,5,2.52,1.8,2.29,3.41,3.21,3.41,3.47,3.11,3.33,2.44
103,15,6,2.07,1.26,2.48,2.56,1.83,4.02,2.77,2.22,3.1,3.78
104,15,7,3.18,1.86,2.78,2.17,2.02,3.65,3.81,2.15,3.83,4.0
105,16,1,1.86,2.29,2.52,2.34,1.79,2.81,3.44,3.7,3.29,2.86
106,16,2,2.66,1.0,2.81,1.2,1.9,2.57,2.73,3.69,2.7,3.33
107,16,3,2.19,2.33,2.33,1.46,2.75,2.9,2.59,2.8,3.84,3.65
108,16,4,2.02,1.92,2.16,3.37,2.37,3.4,4.02,3.17,2.82,2.97
109,16,5,2.18,2.07,2.62,2.22,2.59,3.13,3.49,1.92,3.5,3.33
110,16,6,2.79,1.0,3.23,2.11,2.82,2.61,3.79,2.45,2.61,4.34
111,16,7,2.11,2.2,2.69,2.47,2.22,3.37,4.78,3.01,3.09,3.78
112,17,1,2.85,2.68,2.58,1.54,3.15,2.55,3.62,2.62,2.93,3.31
113,17,2,2.4,2.3,3.02,2.45,1.98,3.69,4.11,2.35,3.32,3.56
114,17,3,2.05,2.78,2.23,2.26,2.02,3.18,2.84,2.23,3.89,2.55
115,17,4,1.65,1.01,2.02,1.44,3.16,3.72,3.07,4.31,3.54,2.89
116,17,5,1.0,3.24,1.68,1.25,2.77,4.49,4.22,3.36,3.31,3.65
117,17,6,2.65,2.23,2.35,2.15,1.66,3.02,2.51,2.98,2.4,2.38
118,17,7,2.32,2.79,2.71,1.29,1.51,3.68,2.9,2.91,3.29,2.47
119,18,1,2.28,1.42,2.03,2.37,1.13,3.41,3.44,3.35,3.1,3.99
120,18,2,2.29,1.88,2.35,2.5,2.16,3.19,3.06,2.67,2.16,4.24
121,18,3,1.51,1.74,1.98,2.7,1.95,3.84,3.08,3.2,2.49,4.49
122,18,4,1.54,2.24,2.58,2.43,2.01,3.1,3.47,2.96,3.53,4.54
123,18,5,1.9,1.41,2.26,3.66,1.63,4.06,4.38,2.73,3.3,4.16
124,18,6,2.0,1.99,2.04,1.61,1.72,2.51,3.47,2.61,3.11,2.09
125,18,7,2.41,2.51,1.41,2.4,2.9,2.52,4.38,3.28,2.56,3.06
126,19,1,2.54,2.13,2.54,1.67,2.24,2.41,3.39,2.53,2.54,3.9
127,19,2,2.84,2.39,1.81,2.01,2.89,3.25,4.74,3.26,3.08,2.9
128,19,3,2.3,2.01,2.62,2.74,1.64,2.45,2.43,3.33,2.33,1.7
129,19,4,2.44,3.34,2.3,2.67,2.18,3.12,3.96,2.88,3.13,3.31
130,19,5,1.84,2.59,2.22,1.76,2.47,2.68,3.47,3.03,3.6,3.41
131,19,6,2.21,2.5,2.92,2.51,2.14,2.46,2.86,2.87,2.62,2.98
132,19,7,2.25,2.35,2.27,2.47,2.17,2.1,2.93,2.96,2.27,3.49
133,20,1,3.09,2.7,2.21,3.04,2.22,2.99,3.11,2.87,2.74,3.21
134,20,2,2.31,2.09,2.49,2.87,2.72,2.37,2.03,3.57,2.18,2.95
135,20,3,1.55,1.19,2.54,2.62,1.77,1.77,3.15,3.26,2.11,3.22
136,20,4,2.21,2.38,2.35,1.64,2.88,3.08,3.43,2.52,2.71,2.52
137,20,5,2.12,2.95,1.69,1.27,3.05,3.06,3.08,3.62,2.62,4.29
138,20,6,2.61,1.85,3.26,1.84,2.59,3.33,4.17,3.92,2.99,2.61
139,20,7,2.48,1.75,3.2,2.27,1.9,3.27,2.7,2.49,3.67,2.67
140,21,1,1.62,2.36,2.83,2.6,2.75,2.76,2.66,3.88,2.78,2.94
141,21,2,2.98,2.37,2.5,3.42,1.73,3.67,3.48,3.19,3.86,3.43
142,21,3,2.53,2.63,2.14,1.71,1.48,2.11,4.59,2.42,2.84,2.92
143,21,4,2.4,2.5,2.68,1.86,2.03,3.32,3.31,3.94,3.25,3.58
144,21,5,2.6,2.68,2.38,1.45,2.38,2.82,3.16,3.37,3.69,3.11
145,21,6,2.4,2.94,2.41,3.67,2.48,2.22,3.87,3.25,3.72,3.54
146,21,7,2.14,1.48,2.21,1.71,1.77,3.49,4.38,3.26,2.28,3.39
147,22,1,2.9,1.79,2.24,2.2,1.64,3.52,3.38,3.28,2.46,2.82
148,22,2,2.63,1.9,3.07,1.96,2.27,3.67,2.66,2.05,2.09,3.92
149,22,3,1.91,3.37,2.05,2.3,3.09,4.25,4.59,3.72,3.56,3.49
150,22,4,2.66,1.81,1.94,2.19,2.02,2.93,3.84,3.58,3.02,4.06
151,22,5,1.57,1.99,1.98,1.13,2.08,3.1,4.29,3.39,2.38,4.31
152,22,6,2.92,2.38,2.2,1.64,1.9,3.76,4.5,3.91,2.69,2.37
153,22,7,2.3,1.21,2.44,2.11,1.84,2.31,3.74,2.74,2.29,1.23
154,23,1,2.2,2.98,3.04,1.93,1.75,3.42,2.9,3.21,3.41,3.9
155,23,2,2.16,1.99,1.91,1.72,1.99,3.37,3.96,2.59,3.84,2.92
156,23,3,2.21,1.72,1.22,2.69,2.59,3.02,3.49,3.33,2.06,2.76
157,23,4,2.67,1.46,2.43,1.42,2.42,3.15,2.55,3.69,2.54,2.57
158,23,5,2.33,2.66,1.85,2.23,2.4,3.54,3.55,2.83,2.49,3.16
159,23,6,1.61,1.0,2.49,2.71,1.0,2.62,3.79,4.2,2.98,2.63
160,23,7,2.12,2.78,2.01,1.73,1.83,2.66,3.52,3.95,3.16,2.94
161,24,1,2.05,1.31,2.69,2.15,2.02,4.89,3.62,2.62,2.72,3.85
162,24,2,2.28,1.37,2.71,1.81,3.3,3.75,3.2,3.76,3.01,3.65
163,24,3,2.5,1.67,2.01,2.78,1.92,2.95,2.92,3.28,4.17,2.41
164,24,4,2.23,2.8,2.26,2.45,1.47,3.4,3.35,3.59,3.66,4.78
165,24,5,2.55,2.25,2.39,1.99,2.34,3.01,3.54,3.78,2.39,3.84
166,24,6,2.97,2.03,1.36,1.84,2.94,3.16,2.9,2.76,3.46,3.46
167,24,7,2.08,1.91,2.13,1.66,3.14,3.0,4.13,3.9,3.55,2.82
168,25,1,2.45,2.08,1.9,2.37,1.39,3.81,3.19,3.15,3.13,2.93
169,25,2,2.55,1.85,2.69,1.42,2.21,4.22,2.89,2.66,3.27,3.22
170,25,3,2.42,2.33,2.58,2.82,2.39,3.04,3.82,4.11,2.89,2.47
171,25,4,2.85,2.03,1.33,2.67,1.8,3.12,3.63,3.15,3.38,2.82
172,25,5,2.51,1.96,2.63,2.54,1.55,3.76,3.15,3.49,3.18,4.29
173,25,6,2.09,1.92,2.29,2.02,2.63,2.3,2.87,2.44,3.52,4.21
174,25,7,2.16,2.01,2.33,2.85,1.55,3.3,3.99,3.32,3.08,3.75
175,26,1,1.0,2.43,2.01,1.15,2.45,3.91,3.37,3.58,3.91,3.95
176,26,2,3.15,2.46,2.33,1.28,1.98,2.71,4.65,2.94,3.04,3.46
177,26,3,2.24,2.94,2.02,2.3,1.67,2.46,3.11,3.02,2.72,2.65
178,26,4,1.42,2.05,1.63,2.62,2.18,2.38,3.28,2.62,3.16,3.97
179,26,5,1.15,2.15,2.23,2.57,2.26,2.76,3.27,2.59,3.59,3.11
180,26,6,3.3,2.06,1.98,1.33,1.0,2.31,3.6,3.33,2.05,3.68
181,26,7,1.94,2.16,3.02,2.7,1.96,2.69,2.26,2.64,2.85,2.46
182,27,1,2.15,2.13,2.2,1.82,2.24,3.41,2.84,3.83,2.91,3.11
183,27,2,2.62,2.21,2.72,2.35,1.75,3.37,2.82,3.1,2.95,2.96
184,27,3,2.15,1.15,2.06,2.24,2.23,2.62,4.15,2.55,3.53,3.38
185,27,4,1.85,2.98,1.77,2.71,2.76,2.81,4.22,2.9,3.14,3.27
186,27,5,2.14,2.5,2.65,1.19,2.95,2.27,4.02,3.67,2.34,2.83
187,27,6,1.59,1.98,2.16,2.63,2.95,3.92,3.14,2.92,1.99,2.58
188,27,7,2.77,2.9,1.75,1.85,2.11,3.32,3.0,3.28,2.7,3.09
189,28,1,2.53,2.09,2.11,2.13,2.07,2.97,3.31,3.94,3.3,2.91
190,28,2,2.62,1.92,2.82,2.4,2.06,3.41,2.58,2.41,2.28,3.19
191,28,3,3.21,3.21,2.58,2.48,1.0,2.88,3.01,2.69,2.87,2.79
192,28,4,1.09,2.46,1.82,2.33,3.43,2.67,2.05,2.88,3.61,4.37
193,28,5,1.52,2.34,2.09,2.13,3.78,2.36,3.59,3.3,3.6,3.16
194,28,6,2.4,1.89,2.42,1.99,2.52,2.97,3.66,3.02,3.62,3.07
195,28,7,1.21,2.72,1.9,1.82,1.76,3.91,2.26,4.8,3.58,3.25
196,29,1,2.19,2.23,2.53,2.56,2.48,3.22,3.34,2.95,2.86,3.84
197,29,2,2.56,1.0,2.59,2.3,2.12,2.96,4.07,3.57,2.52,3.36
198,29,3,1.67,1.4,2.02,2.68,2.73,3.45,3.85,3.33,2.6,3.38
199,29,4,2.68,2.47,2.83,2.59,2.35,3.75,3.44,2.54,2.88,2.62
200,29,5,1.84,2.02,1.95,2.01,1.0,3.29,3.45,2.58,3.35,3.71
201,29,6,1.3,1.71,1.96,1.65,2.65,3.07,3.3,1.91,3.34,2.29
202,29,7,2.25,2.23,2.91,1.44,1.0,3.27,4.45,3.74,3.09,2.78
203,30,1,2.68,1.6,2.51,2.48,2.79,4.66,3.67,2.75,2.96,1.95
204,30,2,1.82,1.89,2.07,2.28,1.62,3.78,3.45,3.03,2.78,3.2
205,30,3,2.69,1.66,2.01,2.02,1.29,2.73,3.19,3.53,3.12,3.23
206,30,4,2.71,2.02,2.47,2.13,2.3,2.86,2.1,2.96,3.8,3.7
207,30,5,2.77,2.71,2.34,2.3,1.74,3.0,3.79,3.72,2.89,2.81
208,30,6,2.22,2.39,1.66,1.0,1.79,2.51,3.17,2.96,2.71,4.04
209,30,7,2.41,2.24,2.58,1.54,2.78,3.13,3.82,2.44,2.07,3.63
210,31,1,2.43,1.64,1.91,2.83,1.39,4.06,2.95,3.4,2.78,3.49
211,31,2,1.91,2.01,2.32,1.62,2.59,2.89,3.32,2.48,1.48,2.98
212,31,3,3.6,2.48,2.29,2.04,2.14,3.47,2.79,3.67,3.38,3.57
213,31,4,2.47,2.1,2.6,2.53,1.91,2.86,3.51,3.91,2.25,2.15
214,31,5,2.31,2.12,2.38,2.33,1.99,3.97,2.56,2.57,2.91,2.03
215,31,6,2.12,2.92,2.31,2.32,1.34,2.84,3.24,2.86,3.71,3.46
216,31,7,1.59,2.21,2.52,2.84,3.12,2.62,3.0,2.33,2.83,3.4
217,32,1,2.78,2.05,2.16,2.28,1.61,4.3,2.56,3.14,4.14,3.1
218,32,2,2.11,1.91,2.22,2.97,1.0,4.0,2.66,2.89,2.72,3.48
219,32,3,1.31,2.32,3.2,1.41,2.25,2.81,3.69,3.05,2.6,3.42
220,32,4,3.25,1.99,2.62,1.45,1.53,3.43,4.27,3.24,2.79,3.1
221,32,5,1.51,2.39,2.69,1.93,1.84,3.31,3.21,3.0,4.19,2.94
222,32,6,2.02,1.77,2.63,2.09,1.72,3.88,4.24,2.7,1.89,3.75
223,32,7,1.83,2.49,1.42,2.7,1.37,3.56,3.46,2.5,2.73,3.55
224,33,1,2.28,2.38,3.18,1.3,3.14,3.23,2.95,2.29,2.86,3.7
225,33,2,2.15,2.85,1.65,2.18,1.35,3.37,3.94,2.8,1.46,3.23
226,33,3,2.47,2.29,2.85,1.58,2.56,3.81,2.46,3.22,2.68,3.05
227,33,4,2.42,1.85,2.0,2.21,1.45,2.58,3.83,2.39,3.36,3.4
228,33,5,1.24,1.75,2.83,1.63,1.84,3.42,3.88,2.9,2.62,4.02
229,33,6,3.21,2.58,2.34,1.73,1.61,3.45,3.68,3.83,3.35,2.12
230,33,7,2.82,1.59,2.13,2.33,3.38,4.85,3.79,2.94,3.28,3.68
231,34,1,2.04,2.99,2.4,2.47,2.55,3.4,3.92,2.69,2.65,2.38
232,34,2,2.47,2.48,2.5,3.14,2.13,3.53,2.84,2.82,3.37,3.65
233,34,3,2.05,2.05,1.62,1.99,2.69,3.48,3.73,3.07,2.97,2.67
234,34,4,2.62,2.3,2.52,1.89,1.0,3.76,3.18,2.55,3.37,2.85
235,34,5,2.82,2.4,2.6,1.41,2.89,3.31,3.25,3.12,1.94,3.37
236,34,6,1.63,1.41,1.62,2.82,1.74,4.0,3.15,2.08,2.32,3.9
237,34,7,2.13,1.82,2.37,2.48,2.83,3.95,3.25,2.29,2.73,3.27
238,35,1,1.67,1.61,2.45,2.16,2.15,2.76,3.32,2.52,3.49,3.77
239,35,2,1.17,1.63,1.63,1.82,2.08,2.39,2.94,2.48,3.09,3.15
240,35,3,1.81,2.18,2.06,2.04,3.18,3.89,2.73,3.51,3.44,2.35
241,35,4,2.69,2.86,1.8,1.67,2.77,3.32,3.76,3.23,3.2,2.24
242,35,5,2.82,2.67,2.2,2.17,1.17,3.45,3.77,3.01,3.62,2.88
243,35,6,2.54,1.58,2.29,2.09,2.27,2.97,3.38,3.5,2.72,2.06
244,35,7,3.22,2.78,1.72,2.58,1.82,3.31,3.61,2.91,2.52,2.65
245,36,1,1.7,1.67,2.27,1.78,2.56,3.97,3.13,3.17,3.26,3.41
246,36,2,2.26,2.46,2.51,1.48,2.67,3.65,3.03,3.06,3.37,2.96
247,36,3,2.83,3.27,1.95,1.4,2.32,3.56,3.32,3.86,2.19,3.55
248,36,4,1.87,2.95,3.19,1.75,1.79,3.63,3.24,3.01,2.98,1.85
249,36,5,2.21,1.75,2.08,3.01,1.34,3.61,3.3,2.88,3.43,3.32
250,36,6,2.55,2.57,2.15,1.84,1.45,2.72,5.09,3.74,2.19,2.24
251,36,7,2.49,2.36,2.54,2.04,2.05,3.35,3.5,1.79,2.84,2.55
252,37,1,2.32,3.58,2.46,2.01,2.71,3.43,3.68,3.38,4.16,2.36
253,37,2,2.49,1.63,2.55,1.67,1.87,3.01,3.99,3.56,2.25,3.14
254,37,3,1.82,1.46,2.2,2.01,3.65,3.4,2.69,2.72,3.56,4.46
255,37,4,1.32,1.15,3.13,2.41,1.59,3.46,1.99,3.04,3.16,3.7
256,37,5,1.64,2.13,1.89,2.34,1.57,2.95,2.9,3.41,3.47,2.95
257,37,6,2.24,1.37,2.17,2.16,3.77,2.57,4.26,3.6,3.13,4.24
258,37,7,2.43,2.28,2.28,2.89,2.82,2.83,2.72,2.93,2.51,3.06
259,38,1,2.93,1.86,2.28,2.22,2.66,1.96,3.11,3.16,3.67,2.78
260,38,2,1.15,2.4,2.02,1.51,1.74,3.07,3.11,1.8,3.49,3.93
261,38,3,2.59,1.52,2.21,2.19,2.5,3.53,3.04,3.09,3.24,4.05
262,38,4,2.62,2.48,2.34,2.99,2.39,2.71,4.23,3.43,2.71,2.79
263,38,5,2.39,2.32,2.39,2.37,3.19,3.75,3.56,3.57,2.37,3.36
264,38,6,3.25,1.98,1.92,1.82,1.45,2.75,3.24,2.25,2.98,3.69
265,38,7,1.7,2.85,2.53,2.78,1.72,3.63,2.84,3.54,3.07,3.46
266,39,1,1.55,1.64,2.57,1.65,2.42,2.43,3.92,2.35,3.29,3.51
267,39,2,1.82,2.38,2.42,1.88,1.5,2.11,3.64,2.16,3.03,2.93
268,39,3,2.61,1.94,2.15,2.61,2.34,3.34,3.71,2.18,3.41,3.5
269,39,4,1.64,1.97,2.28,2.11,2.34,3.94,4.05,2.3,3.33,3.96
270,39,5,2.44,2.64,3.2,2.77,2.29,3.73,3.53,3.05,2.77,4.12
271,39,6,1.75,2.86,2.52,1.39,2.36,2.04,3.8,3.54,2.63,3.18
272,39,7,3.33,1.84,1.83,3.03,3.36,3.17,4.01,3.79,2.54,2.78
273,40,1,2.92,2.93,2.55,1.69,3.37,2.88,3.26,3.23,3.87,3.66
274,40,2,2.46,2.32,2.32,2.51,1.0,3.01,3.58,2.39,3.19,2.97
275,40,3,3.22,2.88,2.09,2.1,2.08,2.93,3.56,2.61,2.31,3.5
276,40,4,2.58,1.69,2.7,1.83,2.29,3.61,3.43,3.3,2.67,2.97
277,40,5,2.1,1.72,2.22,1.31,1.82,3.02,3.31,2.9,2.93,3.41
278,40,6,2.72,1.77,1.76,1.6,1.83,2.98,3.02,2.31,2.71,3.22
279,40,7,2.56,1.81,2.12,1.66,2.11,2.71,3.77,2.04,2.76,3.3
280,41,1,2.32,3.44,2.46,1.62,2.07,2.21,3.41,2.57,3.5,2.74
281,41,2,2.15,1.77,3.07,2.01,3.28,3.61,3.72,3.25,3.2,1.85
282,41,3,2.06,2.51,2.28,1.39,2.1,4.09,4.14,3.01,3.52,2.86
283,41,4,1.25,1.63,3.0,2.03,1.98,3.01,4.51,3.95,4.26,3.0
284,41,5,2.39,1.33,2.96,1.52,2.27,2.58,3.12,2.57,2.62,2.75
285,41,6,1.91,2.51,1.81,2.32,2.89,2.89,3.05,2.91,3.65,3.23
286,41,7,1.92,2.33,1.81,2.58,2.39,3.0,2.98,2.54,3.28,3.9
287,42,1,1.86,2.32,1.37,1.86,2.11,2.68,2.93,2.66,3.14,2.98
288,42,2,1.0,1.03,2.03,2.45,1.0,2.9,3.16,3.82,2.75,3.35
289,42,3,2.3,1.02,2.64,2.31,2.45,5.29,2.29,4.01,2.8,3.29
290,42,4,2.19,1.88,2.05,2.38,1.18,3.58,3.22,2.4,2.71,3.92
291,42,5,1.91,2.27,1.97,2.62,2.56,4.17,3.35,3.42,3.03,3.94
292,42,6,1.81,2.46,2.21,2.15,2.19,3.31,3.39,3.16,3.89,3.74
293,42,7,2.72,1.86,1.9,2.73,2.68,3.97,3.11,2.91,2.02,2.84
294,43,1,2.79,1.86,2.59,2.08,2.33,2.55,3.5,1.36,2.86,2.04
295,43,2,2.91,2.48,2.51,3.06,1.54,4.11,3.97,2.91,3.63,2.38
296,43,3,1.75,1.79,2.06,1.59,2.89,3.03,3.65,2.72,1.91,3.28
297,43,4,1.13,2.06,1.69,3.32,2.7,3.23,4.15,2.56,3.29,3.23
298,43,5,2.37,2.73,2.63,2.35,1.1,2.65,3.38,3.09,2.31,4.67
299,43,6,3.08,2.39,2.33,2.07,1.54,3.21,3.59,2.34,3.16,3.0
300,43,7,1.13,1.66,2.12,3.27,2.48,2.45,3.72,2.17,3.6,2.79
301,44,1,2.17,2.75,1.73,1.39,1.77,3.73,2.61,1.45,2.71,3.46
302,44,2,2.9,1.86,2.12,2.85,1.0,2.96,3.56,3.29,2.67,3.12
303,44,3,1.0,1.76,2.5,1.63,2.17,3.41,3.26,3.14,2.41,2.97
304,44,4,2.57,2.17,2.04,2.32,2.58,2.06,4.09,2.85,3.22,3.88
305,44,5,1.44,1.74,2.17,1.74,3.21,2.71,3.14,3.15,2.27,2.84
306,44,6,2.4,1.92,2.26,1.89,1.18,3.34,4.42,3.05,3.1,3.55
307,44,7,1.5,2.94,2.39,3.12,1.67,4.15,3.88,3.35,3.11,2.94
308,45,1,2.9,2.16,1.42,1.55,2.01,3.34,3.42,3.73,1.84,3.19
309,45,2,1.18,2.47,2.26,2.43,1.59,3.86,4.03,3.37,2.89,3.48
310,45,3,1.82,2.52,3.03,2.8,1.67,3.37,2.73,3.36,3.23,1.88
311,45,4,1.56,1.95,2.17,1.5,2.37,3.31,3.34,2.62,3.58,4.18
312,45,5,1.94,1.78,2.52,1.99,2.04,3.57,2.39,3.78,3.01,2.83
313,45,6,2.17,2.07,1.53,3.04,2.16,3.41,3.98,2.47,3.24,2.93
314,45,7,2.7,1.03,2.26,1.85,2.4,3.42,3.06,2.64,2.91,2.52
315,46,1,2.7,1.91,1.01,1.98,1.48,2.29,2.76,3.1,3.74,3.3
316,46,2,1.87,2.32,2.1,1.79,1.41,2.22,3.23,3.13,2.91,2.83
317,46,3,1.68,2.39,1.71,2.63,1.5,2.76,2.64,2.76,3.54,3.44
318,46,4,2.78,2.35,1.81,2.0,1.64,3.89,2.79,3.54,3.49,4.29
319,46,5,1.99,2.45,3.32,1.84,1.17,2.15,3.85,1.98,2.75,3.38
320,46,6,2.33,2.3,2.4,2.92,1.53,2.8,3.02,3.51,3.49,3.39
321,46,7,2.89,1.5,3.04,3.06,2.59,4.13,2.53,2.75,2.54,3.57
322,47,1,1.62,2.47,2.91,2.59,2.31,2.64,2.98,3.74,3.42,3.07
323,47,2,1.98,1.08,1.82,3.28,1.33,3.27,4.01,2.33,3.08,3.71
324,47,3,2.23,3.52,1.56,2.79,2.02,3.59,3.69,2.63,3.1,1.89
325,47,4,2.56,2.24,2.58,2.79,2.36,3.25,2.96,2.64,3.66,4.03
326,47,5,2.08,2.11,1.9,2.86,2.55,4.22,2.96,2.83,3.1,3.52
327,47,6,2.1,1.65,2.69,2.6,1.56,3.9,4.1,3.12,3.02,3.46
328,47,7,1.73,2.11,1.34,2.69,1.15,3.98,3.27,2.92,2.61,2.91
329,48,1,3.03,1.0,2.87,2.38,1.38,2.59,4.38,2.51,2.3,3.84
330,48,2,2.41,1.62,2.4,1.61,2.82,3.74,3.75,3.24,3.99,3.1
331,48,3,1.55,2.31,3.23,1.61,1.9,3.39,3.42,2.49,3.62,4.61
332,48,4,2.33,1.64,1.61,2.34,2.82,3.43,3.45,2.71,2.34,3.64
333,48,5,2.74,1.32,3.01,2.52,3.0,2.45,2.69,2.96,3.26,4.27
334,48,6,2.62,1.97,1.84,2.89,1.53,4.05,3.29,3.93,3.36,3.01
335,48,7,1.92,1.92,2.49,2.23,1.76,3.08,3.49,1.84,3.24,2.46
336,49,1,1.56,1.25,1.5,1.42,1.69,4.22,3.16,3.14,3.2,3.19
337,49,2,2.18,1.49,2.95,3.22,1.08,2.62,3.29,2.5,3.26,2.63
338,49,3,3.45,2.69,2.39,2.78,2.82,2.87,3.0,3.08,3.47,3.19
339,49,4,1.32,1.69,2.27,2.15,3.36,2.42,3.73,3.88,4.29,2.84
340,49,5,2.5,2.37,2.39,2.13,2.4,1.8,3.83,3.11,2.84,4.43
341,49,6,1.84,1.89,3.19,1.72,1.79,3.09,3.92,3.16,2.22,2.75
342,49,7,1.87,2.05,2.49,2.43,1.02,3.74,3.59,3.82,3.23,3.82
343,50,1,2.49,2.76,2.53,2.13,3.55,3.65,3.77,2.32,2.22,3.29
344,50,2,2.3,1.78,2.36,3.1,2.56,2.55,3.39,2.59,2.75,2.83
345,50,3,1.95,1.46,2.24,1.87,1.0,4.28,4.05,2.83,2.98,2.34
346,50,4,3.19,3.04,2.37,2.77,2.24,2.45,3.22,3.11,2.71,2.96
347,50,5,2.17,2.05,2.32,1.59,1.68,2.48,3.99,1.86,3.64,4.0
348,50,6,2.05,1.0,2.14,2.15,1.5,2.89,4.3,3.41,2.43,2.06
349,50,7,2.03,1.98,2.52,1.88,2.45,4.21,3.9,3.01,2.86,2.87
350,51,1,2.89,1.78,2.32,2.22,1.82,2.43,3.63,3.01,3.26,2.75
351,51,2,2.92,1.65,3.06,1.19,2.4,3.43,3.01,3.28,3.71,1.66
352,51,3,2.51,1.0,1.87,3.12,1.77,2.54,3.34,4.2,1.91,2.42
353,51,4,3.07,3.02,2.25,1.48,3.44,4.03,3.83,2.58,2.94,3.0
354,51,5,2.41,2.82,2.69,1.58,2.99,3.34,3.83,3.86,2.33,3.08
355,51,6,1.92,1.31,2.45,3.62,1.0,3.15,3.81,3.11,2.9,2.26
356,51,7,2.35,1.71,1.33,2.87,2.73,3.2,3.58,3.64,3.1,3.69
357,52,1,2.05,2.75,2.44,2.3,1.34,3.32,2.99,2.68,2.5,2.41
358,52,2,3.43,2.76,3.15,1.49,2.17,2.47,3.06,2.52,3.69,2.84
359,52,3,2.83,2.39,3.33,1.35,2.92,3.79,2.91,3.61,3.16,2.95
360,52,4,1.75,1.73,3.21,2.19,2.62,2.74,3.02,3.65,2.19,2.83
361,52,5,2.24,2.15,2.22,2.42,2.56,3.57,2.9,2.88,3.66,3.68
362,52,6,1.44,2.27,1.42,2.22,3.32,2.66,2.99,3.47,2.08,2.69
363,52,7,2.56,1.77,2.19,2.61,2.39,3.31,3.26,3.25,2.9,3.4
364,53,1,1.94,2.0,1.86,2.17,1.62,2.57,3.59,3.16,3.42,2.82
365,53,2,2.45,2.37,2.5,1.72,2.22,3.37,3.45,1.87,3.06,4.54
366,53,3,2.01,1.73,2.47,2.37,2.88,2.49,3.86,3.37,2.89,3.32
367,53,4,2.81,2.53,1.79,2.66,2.09,3.21,3.49,2.96,3.66,3.05
368,53,5,1.58,1.89,2.38,2.89,2.51,2.71,4.83,3.19,3.71,3.0
369,53,6,2.52,2.51,2.84,2.79,2.68,3.0,3.13,3.23,3.51,2.96
370,53,7,2.83,2.82,1.89,1.71,2.04,3.34,3.16,3.8,3.22,3.13
371,54,1,1.4,1.43,2.43,1.0,2.76,3.08,5.25,4.34,2.86,3.03
372,54,2,2.79,2.94,1.57,1.17,1.74,3.48,3.73,3.64,2.27,1.59
373,54,3,2.71,1.68,1.4,2.27,2.63,3.1,3.2,2.95,2.76,2.22
374,54,4,1.81,2.35,2.44,2.29,1.51,3.07,2.24,3.14,3.8,2.14
375,54,5,1.89,2.25,2.86,1.93,1.7,2.11,3.51,4.19,3.13,3.09
376,54,6,2.4,2.08,1.94,2.66,2.27,3.18,2.91,3.77,3.36,2.74
377,54,7,2.79,1.84,1.95,1.76,1.02,3.42,2.43,2.35,1.77,3.04
378,55,1,2.13,1.93,1.84,1.52,2.42,2.87,3.63,2.54,3.08,3.95
379,55,2,2.55,1.88,2.41,2.05,2.13,2.99,3.36,3.16,2.39,2.44
380,55,3,1.43,1.29,1.76,2.28,1.57,3.45,3.47,1.93,3.35,3.63
381,55,4,1.65,2.3,1.92,2.25,1.34,2.2,3.24,2.97,2.74,2.33
382,55,5,1.99,2.22,2.28,2.29,1.71,3.8,2.8,3.31,3.66,3.41
383,55,6,2.1,1.83,2.76,1.38,1.52,2.96,4.14,3.25,2.41,2.9
384,55,7,1.87,1.74,2.74,1.41,3.14,3.62,4.06,2.78,2.88,2.17
385,56,1,1.92,2.34,2.88,1.56,1.9,3.09,2.68,3.37,2.55,2.97
386,56,2,1.96,1.7,2.3,2.07,1.9,2.78,3.63,3.97,3.05,3.75
387,56,3,1.43,2.17,1.81,1.35,1.67,3.81,3.98,3.18,2.08,2.97
388,56,4,2.39,2.18,1.48,1.68,2.09,3.46,2.23,2.95,3.05,3.65
389,56,5,2.61,2.38,1.94,1.1,1.88,3.71,4.22,3.44,3.22,3.35
390,56,6,1.9,2.02,3.04,1.65,3.14,3.0,4.19,2.25,3.31,2.62
391,56,7,1.41,2.2,2.75,1.71,1.19,3.12,3.4,3.35,3.52,3.06
392,57,1,3.28,2.2,2.15,1.27,1.97,2.99,3.98,3.3,2.29,3.21
393,57,2,2.6,2.85,2.69,2.62,2.17,3.38,4.14,2.29,2.77,2.6
394,57,3,2.44,2.71,2.03,1.0,1.87,3.66,3.75,3.28,2.81,2.27
395,57,4,2.51,1.67,3.27,2.52,1.77,2.84,3.4,2.91,3.62,3.22
396,57,5,1.8,3.04,2.32,2.63,1.75,3.37,3.62,1.98,4.14,3.94
397,57,6,1.99,1.54,2.45,2.24,2.35,3.27,3.73,3.85,3.3,2.42
398,57,7,3.0,2.91,3.7,1.55,2.28,2.05,3.76,2.73,4.09,2.6
399,58,1,1.26,1.85,1.42,2.62,1.0,3.19,2.3,2.86,3.92,3.33
400,58,2,1.73,2.07,2.31,2.46,1.28,3.49,1.95,2.69,2.69,3.51
401,58,3,2.23,1.39,1.86,2.3,2.08,2.86,3.18,3.43,2.67,3.04
402,58,4,3.46,1.38,1.48,2.64,1.71,3.0,3.02,2.89,3.9,3.62
403,58,5,2.71,1.38,1.79,1.0,1.62,3.69,3.74,2.92,2.96,2.65
404,58,6,2.34,2.47,1.58,2.36,2.71,2.95,3.84,4.62,2.91,3.36
405,58,7,1.8,2.18,2.5,2.3,1.49,3.28,4.26,3.29,3.53,2.95
406,59,1,2.65,2.23,1.88,2.37,1.51,2.83,3.56,3.21,2.28,3.79
407,59,2,2.55,1.74,1.62,2.11,1.85,3.23,3.25,1.91,2.74,2.9
408,59,3,2.58,1.74,3.05,1.1,2.95,3.05,3.93,3.08,3.63,2.85
409,59,4,1.59,2.8,2.25,2.32,2.9,2.61,3.78,2.71,2.89,3.15
410,59,5,1.36,1.7,2.9,2.7,2.09,3.3,3.29,3.8,2.85,3.25
411,59,6,2.87,1.7,2.99,1.32,3.15,2.97,3.32,1.98,2.71,2.42
412,59,7,1.87,2.02,2.73,2.31,2.32,2.58,2.96,4.05,2.54,4.18
413,60,1,2.08,2.09,2.78,2.91,2.06,2.96,3.42,3.23,3.49,3.1
414,60,2,2.57,2.91,2.47,2.37,1.18,1.75,3.67,2.99,2.67,3.26
415,60,3,2.19,2.65,2.34,1.76,2.75,3.05,3.74,2.77,2.59,3.15
416,60,4,2.23,2.33,2.18,1.14,1.86,3.6,3.28,2.9,3.54,2.64
417,60,5,1.34,2.01,2.08,1.64,2.02,3.44,3.44,3.21,4.02,2.88
418,60,6,2.38,1.84,1.92,1.86,1.83,3.36,4.75,2.64,2.73,3.06
419,60,7,2.45,2.22,2.87,1.0,1.0,2.9,4.06,2.16,1.23,3.47
420,61,1,2.36,1.54,1.86,1.64,2.2,2.83,3.72,1.43,2.47,2.37
421,61,2,2.07,1.82,2.66,1.13,2.16,3.47,4.48,2.77,3.16,1.93
422,61,3,1.0,2.51,2.3,2.86,1.27,3.45,4.49,3.28,3.13,3.11
423,61,4,1.32,2.77,2.03,2.48,1.15,2.53,4.25,2.84,3.81,3.05
424,61,5,1.17,2.54,2.04,2.59,2.15,2.34,3.54,4.27,3.26,3.06
425,61,6,2.83,2.2,2.39,1.57,2.28,3.73,2.99,3.84,2.92,2.52
426,61,7,2.79,1.95,2.64,2.02,2.09,3.44,3.61,1.92,2.32,3.7
427,62,1,2.14,1.83,1.7,1.57,1.0,3.12,3.12,2.5,2.93,3.34
428,62,2,3.41,1.33,2.82,2.74,1.64,3.28,3.2,3.14,3.85,3.49
429,62,3,2.51,1.87,1.64,2.07,2.88,2.35,2.86,3.11,2.4,2.58
430,62,4,1.98,1.41,1.87,2.59,1.31,2.31,3.1,3.45,2.86,2.8
431,62,5,2.25,1.22,2.52,2.41,1.87,3.71,2.82,3.67,3.06,2.88
432,62,6,2.21,2.04,2.84,1.58,1.65,3.73,3.12,3.55,3.96,2.84
433,62,7,2.61,1.51,2.64,2.3,2.43,2.82,2.53,3.32,1.77,2.89
434,63,1,2.76,2.19,3.17,2.77,1.72,3.18,3.42,2.15,2.42,2.74
435,63,2,1.06,2.11,2.19,1.24,2.38,3.56,3.58,2.86,3.31,3.54
436,63,3,2.4,1.68,2.42,2.87,1.76,4.3,3.16,3.06,2.58,3.25
437,63,4,1.23,1.82,1.81,2.27,2.75,3.52,2.13,4.19,3.14,2.6
438,63,5,2.31,2.18,2.0,2.3,1.75,2.95,3.07,2.23,3.05,3.48
439,63,6,2.51,2.5,2.44,1.89,2.65,2.44,2.95,2.5,3.6,3.71
440,63,7,2.5,2.63,1.91,2.39,2.05,3.63,3.39,2.82,3.28,3.67
441,64,1,1.84,2.06,1.83,1.0,2.26,3.5,3.6,1.94,2.77,1.66
442,64,2,3.0,1.55,2.86,2.73,1.57,2.56,3.64,2.57,3.03,2.79
443,64,3,1.2,1.0,2.4,1.87,1.78,3.55,4.1,2.89,2.77,3.43
444,64,4,1.45,2.2,2.55,2.58,1.0,2.76,2.96,3.1,3.25,4.07
445,64,5,1.94,1.84,2.81,2.36,2.92,3.33,2.81,2.29,2.07,3.53
446,64,6,2.9,3.01,2.68,2.85,1.77,2.55,3.92,3.27,3.03,3.35
447,64,7,2.4,2.73,2.88,2.5,2.66,3.45,3.19,3.47,2.16,3.79
448,65,1,1.54,2.23,1.92,2.51,2.11,2.31,3.68,2.72,3.48,3.1
449,65,2,2.45,1.61,2.04,1.93,2.67,4.08,3.0,3.65,1.71,2.32
450,65,3,1.67,1.41,1.6,2.43,2.0,3.37,3.83,3.19,3.35,3.05
451,65,4,1.54,2.62,2.04,1.66,2.02,2.68,3.22,3.23,3.17,2.52
452,65,5,1.94,2.63,2.52,3.37,2.87,3.79,2.68,3.47,2.94,2.74
453,65,6,2.32,2.56,2.52,1.69,2.59,2.83,3.57,2.87,2.84,3.6
454,65,7,1.63,3.06,1.49,1.85,2.36,3.49,3.39,3.01,3.21,2.95
455,66,1,3.01,2.51,2.69,1.64,2.08,3.01,2.89,3.24,2.66,3.53
456,66,2,1.61,2.95,1.9,2.32,2.62,2.86,3.92,2.35,3.81,3.11
457,66,3,1.88,1.94,2.66,1.86,1.66,3.05,2.8,4.06,2.64,3.64
458,66,4,2.34,1.6,2.3,2.64,2.01,3.81,4.02,3.56,2.7,2.4
459,66,5,1.87,2.19,2.54,1.0,2.12,3.26,3.3,3.77,3.21,3.95
460,66,6,2.1,2.56,3.03,2.94,1.45,3.03,3.26,3.32,3.37,2.55
461,66,7,2.26,1.08,2.94,1.9,2.16,3.0,4.09,1.44,2.96,3.03
462,67,1,1.96,2.95,1.91,2.63,2.35,3.85,3.08,2.63,3.61,3.38
463,67,2,1.34,1.82,2.47,2.67,1.71,1.6,3.74,2.35,1.8,1.26
464,67,3,2.68,2.15,2.2,2.98,2.53,4.04,2.68,3.02,2.03,2.95
465,67,4,2.08,2.4,2.32,2.55,2.57,4.33,3.28,2.51,3.11,2.58
466,67,5,3.06,1.95,2.05,1.92,2.58,3.08,3.09,3.98,2.47,3.12
467,67,6,2.59,1.27,2.51,1.59,2.64,2.65,3.83,3.66,3.47,3.26
468,67,7,2.09,1.8,2.95,1.79,1.48,3.53,3.01,2.51,2.13,2.79
469,68,1,2.17,2.21,2.72,2.49,2.01,3.06,3.73,3.76,3.04,2.8
470,68,2,1.65,1.37,2.6,2.52,2.49,3.1,4.23,2.77,3.52,3.07
471,68,3,1.87,2.39,2.48,2.39,2.18,3.15,4.78,3.71,3.39,3.17
472,68,4,2.79,2.35,2.31,2.02,2.08,1.46,3.57,2.77,3.89,3.11
473,68,5,1.54,2.07,1.83,2.46,2.31,3.69,3.01,3.06,2.18,3.56
474,68,6,2.52,2.34,2.3,2.43,3.13,3.02,3.53,2.43,2.47,3.16
475,68,7,2.85,1.96,2.2,1.96,1.8,3.33,2.62,3.76,2.58,3.57
476,69,1,1.5,2.42,2.6,2.41,1.51,3.3,2.79,2.9,3.57,3.62
477,69,2,2.23,1.6,2.59,2.2,1.0,3.59,3.44,3.72,2.33,1.04
478,69,3,2.38,2.24,1.55,1.63,3.85,3.0,3.86,2.67,1.76,2.99
479,69,4,2.07,1.89,2.25,2.34,2.04,2.49,3.72,1.94,1.78,3.58
480,69,5,2.51,2.06,1.68,1.79,1.97,2.31,3.04,3.41,3.8,2.83
481,69,6,2.65,1.13,2.59,1.73,2.32,3.04,4.18,2.55,3.33,2.92
482,69,7,2.13,2.0,1.92,2.18,2.09,3.3,3.5,3.49,3.51,2.42
483,70,1,2.72,1.5,2.56,2.54,1.0,3.22,3.19,2.61,3.75,2.68
484,70,2,1.76,2.13,2.61,2.11,2.86,3.46,2.24,2.74,2.64,3.41
485,70,3,1.0,3.36,2.54,2.27,2.87,4.44,3.93,3.57,3.05,3.01
486,70,4,1.95,1.68,1.99,1.42,2.08,2.26,3.56,3.02,3.06,2.76
487,70,5,3.97,2.77,1.75,2.32,1.75,2.62,2.71,3.28,2.57,3.73
488,70,6,2.79,2.78,1.92,2.46,2.53,2.91,3.02,3.95,3.1,3.51
489,70,7,1.75,1.48,2.05,2.12,1.46,3.16,2.51,2.41,3.36,3.49
490,71,1,2.0,1.58,1.84,1.98,2.53,3.67,3.17,2.39,3.13,2.56
491,71,2,1.92,2.75,2.67,2.28,1.34,3.28,4.04,2.83,3.75,3.94
492,71,3,3.17,2.24,2.56,3.0,2.41,2.9,3.2,3.17,2.22,3.01
493,71,4,2.85,1.0,2.98,2.83,1.84,3.46,3.45,3.73,3.54,2.19
494,71,5,2.55,1.99,2.34,1.77,3.22,3.73,3.04,2.29,2.75,3.38
495,71,6,2.36,2.72,2.65,2.74,2.33,2.42,3.34,3.64,2.94,3.43
496,71,7,2.04,1.58,2.25,2.37,1.72,3.04,2.93,3.67,2.8,4.04
497,72,1,3.09,2.05,1.85,1.0,1.21,2.43,4.22,3.11,3.2,1.66
498,72,2,1.54,2.53,2.43,2.11,2.48,4.05,3.33,3.08,3.08,4.65
499,72,3,1.02,2.43,2.25,2.51,1.72,3.14,3.84,4.79,3.44,2.55
500,72,4,1.98,1.86,1.5,2.0,2.59,2.48,4.03,3.31,2.54,3.01
501,72,5,3.13,2.46,2.3,2.05,2.18,2.89,2.28,4.19,3.06,3.36
502,72,6,2.19,1.72,2.22,1.28,3.55,2.5,2.88,2.79,3.72,3.11
503,72,7,1.52,2.72,2.63,2.5,2.58,4.46,4.66,2.65,3.91,3.35
504,73,1,2.5,1.24,2.22,1.73,2.65,3.75,2.3,3.03,3.62,2.98
505,73,2,2.64,2.27,2.45,2.04,1.37,2.56,3.84,3.05,2.89,2.82
506,73,3,2.05,2.61,2.15,1.43,2.59,3.06,3.47,3.94,2.96,3.29
507,73,4,1.55,1.98,2.57,1.3,2.26,3.22,3.47,3.62,3.16,4.06
508,73,5,1.65,2.16,2.34,1.58,2.73,4.43,3.44,3.32,3.02,2.64
509,73,6,1.18,1.74,1.68,3.16,2.06,2.98,3.94,2.41,2.53,3.14
510,73,7,2.81,2.34,2.41,2.23,2.38,3.28,2.88,3.07,2.35,3.15
511,74,1,1.95,3.36,2.28,1.39,2.05,3.45,4.38,2.71,2.05,3.63
512,74,2,1.43,1.87,2.19,2.15,2.56,2.8,3.3,3.03,3.06,3.16
513,74,3,2.47,2.51,2.47,2.45,1.14,3.2,3.72,3.45,2.57,2.67
514,74,4,1.89,2.36,2.76,1.96,2.7,3.24,3.38,2.92,3.4,3.31
515,74,5,3.52,1.66,2.53,1.89,1.59,3.16,3.53,4.68,2.86,2.37
516,74,6,2.38,1.05,2.26,2.2,2.63,3.7,3.17,2.96,2.53,2.37
517,74,7,2.4,1.45,2.12,1.62,2.47,4.14,2.73,2.0,2.9,3.11
518,75,1,2.34,1.87,2.21,2.4,2.78,2.11,3.25,3.16,2.44,4.23
519,75,2,1.86,2.07,2.55,1.85,1.0,2.94,4.02,2.85,2.48,3.7
520,75,3,2.03,1.83,2.37,2.63,3.62,3.62,4.09,2.76,2.37,3.14
521,75,4,2.28,1.55,2.22,2.42,2.36,3.44,3.61,2.75,2.67,2.32
522,75,5,3.24,2.1,2.2,1.66,3.96,2.59,3.21,3.27,3.32,3.72
523,75,6,3.25,2.34,1.83,2.04,2.32,4.29,2.67,3.72,3.07,3.64
524,75,7,2.16,1.67,2.63,2.56,2.74,3.16,3.12,2.16,3.45,3.38
525,76,1,1.67,1.82,2.09,1.34,1.62,2.56,3.22,2.62,2.03,4.41
526,76,2,2.93,1.7,2.42,2.43,2.87,2.73,4.06,2.73,2.2,3.57
527,76,3,2.96,3.38,1.77,2.59,1.87,3.59,2.63,2.33,2.52,3.15
528,76,4,1.85,2.42,2.76,2.53,3.14,3.39,2.77,3.81,2.62,3.69
529,76,5,3.12,2.32,1.63,1.67,2.96,3.08,3.49,3.47,3.37,3.28
530,76,6,2.1,1.93,2.68,2.51,1.97,3.75,3.38,2.56,2.53,2.46
531,76,7,2.06,2.71,1.94,2.3,1.72,3.03,2.61,2.92,2.86,3.45
532,77,1,2.35,1.49,2.78,2.31,2.25,3.17,3.16,3.16,3.25,1.96
533,77,2,1.91,1.96,2.41,2.87,1.65,2.9,3.17,2.59,2.77,3.6
534,77,3,1.62,2.3,1.54,1.87,1.92,4.07,3.3,1.8,1.81,3.12
535,77,4,2.57,2.28,2.37,2.85,1.79,3.65,2.54,2.53,1.92,2.92
536,77,5,2.19,2.15,2.33,1.66,2.01,2.36,4.21,2.87,2.69,4.13
537,77,6,1.51,1.53,1.81,2.15,2.4,3.57,4.88,1.78,3.32,2.74
538,77,7,1.89,1.78,1.9,3.15,2.66,3.18,4.2,2.19,2.2,1.68
539,78,1,1.82,2.17,2.35,2.28,1.25,3.6,3.58,3.45,1.87,3.3
540,78,2,1.54,1.89,2.54,2.24,1.6,3.17,2.6,3.69,2.85,3.83
541,78,3,1.92,1.83,1.96,2.69,1.69,3.52,3.24,1.93,2.64,2.33
542,78,4,2.24,1.49,2.71,2.14,2.02,3.52,3.98,3.03,2.52,1.95
543,78,5,1.83,1.78,2.35,1.99,2.56,2.84,3.42,3.71,3.17,3.06
544,78,6,1.88,1.77,1.92,1.88,2.6,3.05,2.7,4.03,3.16,2.19
545,78,7,1.97,2.15,3.06,1.56,2.74,3.93,3.1,2.88,2.37,2.97
546,79,1,2.2,2.42,2.79,1.76,1.0,3.16,3.61,3.18,2.78,3.18
547,79,2,3.08,2.28,2.13,1.9,2.02,4.05,3.35,3.03,2.69,3.81
548,79,3,3.34,2.32,2.34,2.21,1.0,3.57,3.52,3.28,2.56,2.85
549,79,4,1.99,2.6,2.13,3.38,2.4,2.48,3.38,2.67,1.7,4.14
550,79,5,2.62,2.36,2.37,1.4,1.83,3.62,2.87,1.62,2.84,3.01
551,79,6,2.3,2.45,2.58,2.34,2.88,2.35,3.73,3.39,2.25,2.12
552,79,7,1.79,1.76,2.64,1.84,1.59,2.84,4.07,3.05,2.87,3.03
553,80,1,2.96,1.72,2.89,2.31,2.03,4.52,2.86,2.84,2.26,3.72
554,80,2,3.18,2.92,2.84,2.08,1.9,2.27,4.58,3.3,2.68,3.96
555,80,3,1.67,2.29,2.22,2.55,2.09,2.39,3.49,3.63,2.95,3.6
556,80,4,1.62,2.08,2.02,2.62,2.15,3.54,4.05,3.43,3.13,2.45
557,80,5,2.22,1.82,2.15,1.98,1.52,2.11,3.08,3.15,2.19,3.11
558,80,6,3.3,2.6,3.03,2.41,2.86,2.78,3.09,1.5,3.66,4.1
559,80,7,1.9,1.96,1.96,2.41,2.83,2.23,3.68,2.88,3.04,3.4
560,81,1,2.11,2.04,2.2,2.74,2.39,3.29,2.74,2.83,3.49,3.12
561,81,2,2.6,2.97,2.76,2.24,1.81,1.79,3.36,2.86,3.2,3.0
562,81,3,2.04,1.2,1.88,2.46,3.2,3.12,3.63,3.58,2.5,3.34
563,81,4,1.8,2.52,2.37,2.36,1.64,3.55,4.61,2.47,2.77,3.25
564,81,5,2.67,1.81,1.04,2.96,2.61,2.23,3.11,3.92,3.81,3.71
565,81,6,2.12,2.13,2.24,2.83,1.58,2.73,4.01,3.02,3.77,2.66
566,81,7,2.19,1.63,2.3,1.35,1.83,2.39,3.84,3.44,1.97,3.97
567,82,1,3.64,2.11,2.01,3.8,1.31,3.18,3.55,3.8,3.18,2.78
568,82,2,1.68,1.92,1.85,2.22,1.78,2.36,4.15,2.76,2.23,2.99
569,82,3,2.26,1.22,2.45,1.59,3.2,3.45,3.23,2.62,2.91,3.5
570,82,4,2.21,1.98,2.33,1.85,1.92,2.04,3.99,3.21,2.52,4.33
571,82,5,2.27,1.57,2.68,2.42,2.38,2.94,3.7,2.89,3.29,1.86
572,82,6,1.97,2.95,1.96,1.85,1.85,2.51,2.22,2.91,3.05,3.07
573,82,7,2.14,2.11,2.76,2.08,1.77,3.02,3.77,3.83,2.61,3.16
574,83,1,2.41,1.59,2.31,1.35,1.02,3.37,3.24,3.15,2.96,2.47
575,83,2,2.19,1.47,2.92,1.42,2.01,2.61,3.77,2.85,2.67,3.65
576,83,3,2.24,2.35,1.86,1.39,2.2,3.0,3.8,3.0,3.09,2.04
577,83,4,3.3,2.01,2.61,1.71,2.32,2.47,3.7,2.84,2.99,3.55
578,83,5,1.52,1.75,2.5,3.39,2.04,3.49,3.39,4.13,1.96,3.16
579,83,6,1.29,1.0,2.43,2.27,1.95,3.11,5.17,2.89,3.27,2.68
580,83,7,2.39,1.97,2.12,3.23,2.87,3.24,2.17,2.84,4.54,2.95
581,84,1,2.85,2.81,2.4,1.71,1.0,3.54,3.0,3.14,2.25,2.93
582,84,2,2.24,2.22,1.8,2.87,1.76,2.27,3.39,3.06,3.06,3.99
583,84,3,2.09,2.03,1.81,2.66,2.25,2.94,2.39,3.85,2.26,2.72
584,84,4,2.42,1.49,1.64,1.0,2.58,2.88,5.07,2.48,2.44,2.73
585,84,5,2.36,1.85,2.57,1.63,1.27,2.2,2.22,2.75,2.8,2.69
586,84,6,2.93,2.7,2.15,1.17,1.78,2.85,3.09,2.65,2.59,2.85
587,84,7,1.86,2.19,2.46,1.67,2.92,2.64,2.55,3.25,2.5,3.31
588,85,1,1.0,2.79,2.6,1.33,1.21,4.07,3.04,2.57,1.66,2.87
589,85,2,2.09,2.45,1.68,1.32,2.41,3.71,2.58,3.65,2.99,3.81
590,85,3,2.18,1.0,2.23,2.79,1.57,2.96,3.35,1.41,3.94,2.51
591,85,4,2.51,2.05,2.86,2.42,1.98,2.69,3.89,1.99,3.34,2.39
592,85,5,2.93,2.17,2.59,2.24,1.03,2.71,3.82,3.13,3.65,3.36
593,85,6,1.67,1.69,2.35,1.0,3.18,3.41,4.13,2.15,3.69,4.55
594,85,7,1.47,2.48,2.3,1.31,2.44,3.62,3.12,3.7,2.0,2.13
595,86,1,2.3,2.1,1.98,2.65,2.46,3.63,3.38,3.38,2.71,4.43
596,86,2,1.76,3.14,2.32,1.41,2.99,3.24,3.92,3.73,3.17,2.72
597,86,3,2.78,2.09,2.61,1.0,2.41,2.83,4.37,3.39,3.11,3.42
598,86,4,1.65,2.9,3.19,2.41,3.12,2.86,3.01,3.06,3.22,2.84
599,86,5,2.53,2.24,1.86,2.49,2.67,3.26,4.09,2.36,3.24,2.34
600,86,6,1.58,1.77,1.88,1.88,2.0,3.62,3.27,2.15,3.63,2.56
601,86,7,2.19,2.31,2.39,2.81,2.43,2.7,4.66,3.15,2.88,3.73
602,87,1,2.36,2.29,3.41,2.03,1.93,3.23,4.04,2.19,1.83,2.72
603,87,2,1.29,1.88,2.52,1.68,1.24,3.21,3.93,2.09,3.45,3.63
604,87,3,2.76,2.7,3.28,1.99,2.2,2.95,3.45,3.9,2.19,2.54
605,87,4,3.0,2.6,2.14,2.68,2.34,3.98,3.49,3.62,4.5,3.49
606,87,5,2.25,2.45,2.14,3.55,2.24,3.02,2.99,3.66,3.47,2.78
607,87,6,2.55,1.34,2.38,2.45,3.2,2.75,2.74,2.54,2.19,3.97
608,87,7,3.1,2.25,2.84,2.27,2.07,2.99,3.28,2.17,3.12,3.07
609,88,1,2.64,2.14,2.23,1.69,2.18,3.57,2.82,3.09,3.11,2.63
610,88,2,1.88,2.21,1.8,2.39,1.57,3.74,4.75,2.56,3.28,2.63
611,88,3,2.81,1.46,2.51,1.69,2.0,2.61,3.91,2.57,3.29,2.88
612,88,4,2.15,2.16,1.96,2.31,3.09,2.75,4.1,3.88,2.5,2.15
613,88,5,2.39,1.82,3.13,2.21,1.63,2.55,4.05,2.72,3.0,3.72
614,88,6,1.94,2.07,2.29,2.58,2.5,3.05,3.49,2.83,2.11,3.27
615,88,7,3.3,1.65,1.96,1.69,2.58,3.41,3.36,2.52,3.02,2.08
616,89,1,2.3,2.53,1.74,1.32,3.12,2.84,4.08,2.95,2.88,3.38
617,89,2,1.72,2.16,2.13,1.44,2.34,3.03,3.36,2.36,3.89,3.67
618,89,3,2.77,1.94,1.53,3.3,2.09,2.77,3.68,3.7,2.96,3.93
619,89,4,2.84,1.55,2.0,2.74,1.0,3.09,2.66,2.77,2.8,2.87
620,89,5,1.91,1.54,3.32,3.25,1.4,4.02,3.23,3.11,2.93,2.67
621,89,6,2.78,2.15,2.09,1.45,1.57,2.28,3.46,2.37,2.82,3.99
622,89,7,2.9,2.07,2.26,3.26,2.46,2.99,2.66,3.26,3.45,2.69
623,90,1,2.39,1.91,2.22,1.0,1.99,3.69,3.1,3.07,2.53,3.33
624,90,2,2.1,1.62,2.89,2.72,1.75,3.44,3.75,3.4,1.99,3.75
625,90,3,1.9,1.91,3.47,2.36,1.89,1.98,4.22,2.28,2.39,2.88
626,90,4,3.03,2.48,2.23,2.37,1.75,3.25,3.49,3.58,3.53,3.42
627,90,5,2.01,2.46,2.26,1.57,1.88,3.22,3.96,2.94,2.27,3.14
628,90,6,2.28,2.18,2.71,2.77,1.76,2.84,2.87,3.43,3.81,2.9
629,90,7,2.08,2.82,2.52,2.44,1.39,3.54,2.93,2.4,2.77,2.72
630,91,1,2.09,1.37,2.73,2.83,1.0,3.7,3.0,3.52,2.93,3.12
631,91,2,2.11,2.7,1.75,2.54,2.82,3.56,4.74,2.74,3.53,3.03
632,91,3,2.92,2.09,2.13,2.93,1.82,2.41,3.16,3.39,3.78,3.17
633,91,4,2.97,1.41,2.1,2.03,2.06,3.22,3.83,2.79,3.05,3.07
634,91,5,1.69,2.03,2.24,2.1,2.15,3.21,3.21,3.76,2.29,2.63
635,91,6,3.8,1.57,1.7,2.61,1.0,3.04,4.64,2.17,1.82,2.13
636,91,7,2.73,2.65,2.07,2.58,3.0,4.14,3.31,1.75,2.49,2.82
637,92,1,2.07,2.0,2.8,2.92,2.02,3.76,3.65,3.08,3.5,3.15
638,92,2,3.39,1.37,2.07,2.12,2.4,3.85,3.44,2.24,3.46,3.59
639,92,3,1.11,2.09,1.59,1.81,1.57,3.61,3.51,2.32,3.48,2.17
640,92,4,2.41,1.68,2.14,2.48,2.46,3.89,3.4,3.21,2.72,3.22
641,92,5,2.47,2.04,1.5,2.38,2.36,2.8,2.74,3.87,3.26,2.95
642,92,6,1.57,1.68,2.88,2.27,1.79,3.45,3.0,3.88,3.75,2.8
643,92,7,1.86,1.0,1.64,1.43,2.21,2.99,2.7,2.88,3.26,3.44
644,93,1,1.14,2.03,1.68,2.7,2.62,2.69,3.02,2.78,1.66,3.32
645,93,2,2.06,2.58,1.81,1.84,1.19,2.63,2.79,3.6,2.57,3.18
646,93,3,2.0,1.46,2.23,2.53,1.38,3.61,2.98,2.77,3.28,2.67
647,93,4,2.24,1.93,2.36,1.0,1.0,3.5,4.03,2.53,2.83,3.29
648,93,5,2.62,1.08,1.91,2.0,2.57,4.52,3.32,2.25,3.2,3.96
649,93,6,2.28,1.64,2.73,2.57,1.49,3.38,4.0,3.7,2.93,2.87
650,93,7,2.92,1.48,2.5,1.41,2.8,3.03,4.15,3.32,2.26,4.03
651,94,1,3.1,2.53,1.96,2.02,2.22,2.79,4.39,3.12,1.4,3.32
652,94,2,2.02,2.05,2.14,2.65,2.83,3.32,3.26,3.02,2.98,2.58
653,94,3,2.55,2.32,2.99,2.91,1.7,3.61,2.92,3.43,2.67,2.43
654,94,4,2.38,1.0,1.52,2.09,2.18,2.97,2.57,2.58,3.2,3.48
655,94,5,2.21,2.67,2.48,1.76,1.95,2.41,3.39,3.67,3.37,4.01
656,94,6,2.05,2.76,2.21,3.03,2.12,3.55,4.27,2.93,3.1,3.94
657,94,7,2.14,1.43,3.25,1.92,2.23,3.79,3.11,2.47,3.12,1.93
658,95,1,2.06,2.21,2.18,1.31,3.13,3.23,4.24,2.89,2.46,3.27
659,95,2,2.1,1.5,2.95,1.84,1.0,3.89,3.17,2.7,1.95,4.23
660,95,3,1.48,2.12,2.71,2.43,2.09,2.25,3.0,3.15,2.51,3.23
661,95,4,2.61,2.57,1.75,3.44,2.61,3.17,4.05,4.37,2.14,2.95
662,95,5,1.0,2.19,2.46,2.17,1.72,2.06,3.66,3.86,2.63,3.39
663,95,6,1.33,2.32,2.12,1.76,1.65,2.96,3.66,2.3,2.74,3.07
664,95,7,1.59,2.99,1.92,1.81,1.52,4.14,3.76,2.51,3.61,3.23
665,96,1,2.37,1.92,1.97,2.38,1.79,4.15,2.75,3.9,2.91,3.29
666,96,2,2.69,1.77,2.68,1.0,1.68,2.67,2.75,2.92,3.19,3.56
667,96,3,2.36,1.76,2.46,2.26,2.72,3.59,3.47,2.54,2.59,2.74
668,96,4,2.04,2.22,2.62,2.16,2.14,3.25,3.16,2.52,1.95,2.65
669,96,5,2.49,1.74,2.19,2.46,2.46,2.59,4.0,3.67,2.31,2.56
670,96,6,2.9,2.02,1.31,1.39,1.97,2.54,3.22,3.06,3.82,2.91
671,96,7,2.83,2.8,2.94,2.35,1.0,3.42,4.03,2.99,3.98,3.66
672,97,1,2.54,2.63,2.45,1.0,1.82,3.82,3.0,2.91,2.36,4.26
673,97,2,3.18,1.65,2.37,1.8,2.51,3.45,3.9,3.23,4.67,2.43
674,97,3,1.24,1.89,1.6,1.34,1.5,2.67,2.92,3.33,2.68,2.98
675,97,4,2.73,1.71,2.18,2.4,1.0,1.88,3.64,3.32,4.17,3.2
676,97,5,2.69,1.99,2.43,3.14,1.0,3.39,4.64,3.2,3.93,2.69
677,97,6,2.2,2.11,1.31,1.52,1.44,3.61,3.93,3.22,3.45,2.99
678,97,7,2.91,2.09,2.33,2.04,2.56,2.94,3.99,2.4,2.33,3.55
679,98,1,2.17,1.86,2.7,1.84,2.0,3.93,4.3,3.92,2.81,3.9
680,98,2,1.68,1.64,1.25,3.14,1.59,3.1,2.94,3.43,2.75,2.25
681,98,3,2.47,1.37,1.93,1.0,1.24,3.27,2.36,2.21,2.97,2.75
682,98,4,3.36,3.01,1.91,2.51,2.6,2.85,2.62,3.03,2.87,2.82
683,98,5,2.47,1.71,1.79,2.25,2.37,2.53,3.97,2.04,2.63,2.93
684,98,6,1.86,1.81,3.13,1.7,3.66,3.41,3.5,3.31,4.44,2.45
685,98,7,1.58,1.71,2.31,1.21,2.14,4.08,3.53,2.88,2.61,3.68
686,99,1,1.75,3.01,3.16,2.34,2.12,3.73,4.06,2.59,2.66,2.24
687,99,2,2.45,2.42,1.7,1.93,1.29,2.68,3.76,2.63,2.8,2.04
688,99,3,2.33,2.07,1.98,2.08,2.24,2.73,2.63,4.06,2.6,3.04
689,99,4,2.8,3.85,1.75,2.45,1.69,2.88,3.05,2.41,2.95,2.14
690,99,5,2.76,2.12,2.49,1.92,1.9,3.33,2.8,2.84,2.47,2.52
691,99,6,1.02,2.76,1.99,2.85,2.8,2.48,2.85,4.48,3.99,3.08
692,99,7,2.37,1.77,2.49,1.78,1.0,2.46,3.46,2.4,2.93,2.4
693,100,1,1.77,2.52,2.41,2.18,2.68,3.43,4.25,2.78,2.72,2.25
694,100,2,1.98,2.57,2.88,2.74,1.01,3.75,2.43,3.55,2.76,3.56
695,100,3,1.46,2.68,1.65,1.81,1.51,2.22,3.5,4.06,4.52,3.16
696,100,4,2.86,2.21,2.52,1.99,2.25,3.46,3.13,3.0,2.94,3.64
697,100,5,1.61,2.06,3.15,2.85,2.97,3.18,3.63,3.6,3.87,1.83
698,100,6,1.47,2.74,2.18,1.81,1.35,2.87,2.67,4.22,2.96,3.06
699,100,7,2.56,2.57,2.72,2.8,1.74,3.01,3.88,2.74,2.97,3.36
